<?xml version="1.0" encoding="UTF-8" standalone="yes"?>
<addon id="repository.swagotaku" name="SwagOtaku Repo" version="0.0.2" provider-name="SwagOtaku">
    <extension point="xbmc.addon.repository" name="SwagOtaku Repo">
    	<dir minversion="18.0" maxversion="18.9.0">
    		<info compressed="false">https://raw.githubusercontent.com/SwagOtaku/swagotaku.repository/main/zips/leia/addons.xml</info>
    		<checksum>https://raw.githubusercontent.com/SwagOtaku/swagotaku.repository/main/zips/leia/addons.xml.md5</checksum>
    		<datadir zip="true">https://raw.githubusercontent.com/SwagOtaku/swagotaku.repository/main/zips/leia/</datadir>
    	</dir>
    	<dir minversion="18.9.0">
    		<info compressed="false">https://raw.githubusercontent.com/SwagOtaku/swagotaku.repository/main/zips/matrix/addons.xml</info>
    		<checksum>https://raw.githubusercontent.com/SwagOtaku/swagotaku.repository/main/zips/matrix/addons.xml.md5</checksum>
    		<datadir zip="true">https://raw.githubusercontent.com/SwagOtaku/swagotaku.repository/main/zips/matrix/</datadir>
    	</dir>
    </extension>
    <extension point="xbmc.addon.metadata">
        <summary>SwagOtaku</summary>
        <description>SwagOtaku Repository</description>
        <disclaimer></disclaimer>
        <platform>all</platform>
        <assets>
            <icon>icon.png</icon>
            <fanart>fanart.jpg</fanart>
        </assets>
    </extension>
</addon>
